Spectrum #,Particle #,Frame ID,Cluster_ID,Fe_at%,Mg_at%,Ca_at%,Al_at%,Si_at%,O_at%,An er w%,Fe_w%,Mg_w%,Ca_w%,Al_w%,Si_w%,O_w%,r_squared,redchi_sq,Quant_flag,Comments
0,1,,0,3.09,10.37,6.1,4.29,17.03,59.11,-3.81,7.51,10.97,10.65,5.05,20.83,41.18,0.99882,42.6,0,
1,2,,0,3.16,9.4,5.94,3.96,16.33,61.21,-4.91,7.68,9.93,10.34,4.65,19.93,42.57,0.99879,37.0,0,
2,4,,,3.16,9.25,5.94,3.74,17.36,60.56,-5.3,7.6,9.69,10.26,4.35,21.02,41.78,0.99875,48.0,8,too low
3,4,,,1.9,6.34,3.9,2.78,23.24,61.84,-18.66,4.04,5.87,5.96,2.86,24.88,37.72,0.99881,43.7,0,
4,4,,,3.07,8.57,5.43,3.85,18.11,60.97,11.86,8.78,10.66,11.14,5.32,26.03,49.93,0.99785,70.3,8,too low
5,4,,,3.37,9.66,6.03,3.89,17.08,59.97,2.59,8.74,10.91,11.22,4.88,22.29,44.57,0.99897,38.4,8,too low
6,4,,,2.36,7.3,4.31,3.08,21.74,61.22,-15.51,5.17,6.96,6.77,3.25,23.93,38.4,0.99865,42.7,0,
7,5,,0,3.25,10.55,6.51,4.43,16.93,58.33,-3.09,7.89,11.16,11.36,5.2,20.69,40.61,0.99885,42.8,0,
8,5,,0,3.12,10.4,5.94,4.22,16.48,59.85,-2.0,7.76,11.26,10.61,5.07,20.63,42.67,0.99881,42.8,0,
9,9,,,1.81,8.18,2.92,3.62,18.69,64.78,-14.17,4.17,8.22,4.84,4.04,21.7,42.85,0.9968,92.0,0,
10,9,,,2.13,6.59,4.1,3.05,19.44,64.69,-31.82,3.84,5.18,5.32,2.67,17.67,33.5,0.99235,231.9,4,poor fit
11,10,,,3.27,7.15,5.02,3.27,21.98,59.31,-32.87,5.55,5.27,6.11,2.68,18.73,28.79,0.99858,41.0,7,C 8985 counts > 10 % of total counts
12,12,,,3.71,8.81,5.64,3.64,19.72,58.48,-20.67,7.35,7.6,8.02,3.48,19.66,33.22,0.9983,44.4,7,C 5266 counts > 10 % of total counts
13,12,,,3.41,8.11,5.6,3.62,20.45,58.81,-28.98,6.08,6.29,7.16,3.11,18.33,30.04,0.99852,42.6,7,C 9028 counts > 10 % of total counts
14,19,,0,2.59,9.65,5.55,3.83,15.25,63.12,-3.27,6.53,10.59,10.04,4.67,19.33,45.58,0.99812,48.2,-1,too low - Quantification did not converge.
15,19,,0,3.33,10.03,6.24,4.15,16.73,59.5,-1.09,8.32,10.89,11.18,5.0,20.99,42.52,0.99876,38.7,0,
16,19,,0,2.43,10.32,5.39,4.32,15.95,61.59,-1.25,6.22,11.51,9.91,5.35,20.56,45.21,0.9992,29.9,0,
17,19,,0,2.71,10.71,5.69,4.33,16.31,60.26,-3.6,6.69,11.52,10.09,5.16,20.27,42.67,0.9992,33.6,0,
18,19,,0,3.08,10.05,6.09,4.08,16.17,60.53,-0.36,7.81,11.1,11.08,5.0,20.64,44.0,0.99816,49.9,0,
19,21,,,2.94,9.87,5.73,3.84,17.91,59.71,-5.46,7.06,10.33,9.88,4.46,21.66,41.14,0.99873,45.8,0,
20,21,,,3.37,10.62,6.55,4.72,19.11,55.62,-8.39,7.63,10.45,10.63,5.16,21.72,36.02,0.99823,41.0,0,
21,21,,,2.55,6.74,3.96,3.08,25.5,58.17,-40.98,3.84,4.4,4.27,2.24,19.26,25.03,0.99845,50.9,7,C 9502 counts > 10 % of total counts
22,21,,,3.41,9.88,5.86,4.1,16.25,60.51,-7.0,8.04,10.15,9.92,4.68,19.29,40.92,0.99881,33.2,0,
23,21,,,2.83,8.69,4.92,3.64,19.68,60.24,-19.5,5.83,7.79,7.27,3.63,20.4,35.57,0.9988,36.5,7,C 6082 counts > 10 % of total counts
24,24,,0,2.95,10.66,6.21,4.49,16.5,59.18,-2.82,7.27,11.42,10.98,5.34,20.43,41.74,0.99869,48.3,0,
25,24,,0,2.67,9.97,5.47,4.2,15.69,61.99,-4.53,6.61,10.73,9.71,5.02,19.5,43.91,0.99885,48.4,0,
26,24,,0,3.29,10.27,5.87,4.3,15.62,60.64,-2.38,8.18,11.11,10.47,5.16,19.52,43.17,0.99859,52.3,0,
27,24,,,3.49,9.86,6.0,4.09,16.5,60.05,0.46,8.86,10.9,10.94,5.01,21.07,43.68,0.99881,44.2,8,too low
28,24,,,3.05,10.29,6.22,4.41,16.54,59.49,-1.22,7.63,11.21,11.17,5.33,20.81,42.63,0.99891,38.6,8,too low
29,27,,,2.78,10.28,5.83,4.31,16.44,60.36,-3.58,6.86,11.04,10.32,5.14,20.4,42.67,0.99908,37.8,8,too low
30,27,,0,3.02,10.46,5.8,4.34,16.3,60.07,1.51,7.81,11.78,10.77,5.43,21.21,44.51,0.99906,33.5,0,
31,27,,0,2.78,10.13,5.71,4.28,16.01,61.09,-4.86,6.81,10.77,10.02,5.05,19.69,42.79,0.99894,40.0,0,
32,27,,,3.15,10.6,6.54,4.33,16.84,58.54,-5.75,7.46,10.92,11.11,4.95,20.06,39.73,0.99904,39.6,0,
33,27,,,3.09,9.76,5.86,4.14,16.6,60.57,0.65,7.93,10.89,10.78,5.13,21.41,44.51,0.9989,40.2,8,too low
34,31,,,3.49,10.12,6.57,4.22,17.09,58.51,-11.48,7.71,9.74,10.43,4.52,19.02,37.1,0.99837,48.6,7,C 5812 counts > 10 % of total counts
35,32,,,3.38,10.03,6.3,4.23,16.62,59.44,-6.13,8.0,10.32,10.68,4.84,19.76,40.27,0.99806,45.7,0,
36,32,,0,3.08,10.41,6.14,4.17,16.44,59.76,-3.48,7.54,11.09,10.79,4.94,20.24,41.92,0.99869,35.4,0,
37,33,,,3.54,10.39,6.7,4.67,19.23,55.47,-9.54,7.88,10.06,10.69,5.01,21.5,35.33,0.99846,32.6,7,C 5696 counts > 10 % of total counts
38,33,,,3.5,9.64,6.21,3.98,16.51,60.15,-1.6,8.7,10.42,11.08,4.77,20.63,42.8,0.99853,51.0,8,too low
39,33,,0,3.04,9.11,5.69,3.88,16.41,61.87,-2.57,7.6,9.92,10.23,4.69,20.65,44.35,0.99868,44.7,0,
40,33,,,3.11,9.89,5.86,3.95,16.18,61.02,-5.57,7.5,10.38,10.15,4.6,19.63,42.17,0.99845,37.9,7,C 6007 counts > 10 % of total counts
41,33,,0,3.47,9.32,6.0,3.77,16.02,61.41,-2.15,8.63,10.1,10.72,4.54,20.06,43.8,0.99861,52.0,0,
42,34,,,1.94,6.03,4.54,2.66,22.21,62.63,-33.49,3.37,4.57,5.66,2.23,19.44,31.23,0.99888,46.1,7,C 13079 counts > 10 % of total counts
43,37,,,3.02,8.62,5.51,3.6,14.49,64.77,-13.65,6.8,8.46,8.92,3.92,16.42,41.83,0.99526,151.1,4,poor fit
44,38,,0,3.18,10.36,6.05,4.27,16.44,59.7,-2.88,7.82,11.1,10.68,5.08,20.35,42.09,0.99817,42.7,0,
45,38,,,3.38,10.71,6.3,4.45,17.18,57.98,-6.08,7.95,10.95,10.63,5.05,20.3,39.04,0.99797,42.5,0,
46,38,,0,3.33,10.41,6.33,4.32,16.63,58.99,-0.93,8.3,11.29,11.32,5.2,20.84,42.12,0.99864,38.9,0,
47,38,,,3.47,10.48,6.21,4.42,16.31,59.12,-4.59,8.32,10.95,10.69,5.12,19.68,40.64,0.99872,56.6,8,too low
48,38,,0,3.03,10.9,6.15,4.47,16.44,59.01,2.45,7.86,12.29,11.45,5.6,21.43,43.82,0.99863,39.5,0,
49,41,,,0.0,0.0,0.0,8.25,23.11,68.64,-40.82,0.0,0.0,0.0,6.68,19.5,32.99,0.96715,1329.2,4,poor fit
50,41,,,0.01,0.0,0.22,8.03,22.33,69.41,-47.31,0.02,0.0,0.23,5.81,16.83,29.8,0.97684,1012.7,4,poor fit
51,41,,,0.0,0.0,0.0,7.86,21.99,70.15,-41.29,0.0,0.0,0.0,6.37,18.58,33.76,0.96412,1234.4,4,poor fit
52,41,,,0.0,0.0,0.16,8.06,21.86,69.91,-48.33,0.0,0.0,0.17,5.75,16.21,29.54,0.97403,1065.9,4,poor fit
53,41,,,0.0,0.16,0.02,7.71,21.36,70.75,-44.62,0.0,0.11,0.02,5.93,17.08,32.24,0.97226,1210.1,4,poor fit
54,45,,0,3.23,10.56,5.99,4.37,17.0,58.85,0.55,8.19,11.66,10.9,5.36,21.68,42.76,0.99857,45.2,0,
55,45,,0,3.06,10.41,6.27,4.21,16.84,59.2,-0.92,7.67,11.35,11.28,5.09,21.21,42.48,0.9988,41.8,0,
56,45,,,2.81,9.22,5.61,3.89,17.86,60.61,-5.09,6.84,9.74,9.78,4.56,21.82,42.17,0.99833,62.4,0,
57,48,,0,2.69,10.63,5.73,4.45,16.38,60.13,-3.53,6.64,11.44,10.17,5.31,20.35,42.57,0.99879,47.2,0,
58,48,,,3.3,10.68,6.23,4.24,16.77,58.79,-5.11,7.87,11.1,10.68,4.89,20.14,40.23,0.99862,38.9,0,
59,48,,,2.77,9.81,5.57,4.04,15.88,61.92,-4.73,6.82,10.5,9.84,4.8,19.65,43.65,0.99876,47.0,8,too low
60,48,,0,3.04,10.44,6.17,4.38,16.52,59.45,-2.01,7.56,11.28,10.99,5.25,20.62,42.28,0.99911,31.1,0,
61,48,,,3.09,10.44,5.77,4.28,16.7,59.71,-7.2,7.29,10.72,9.77,4.88,19.81,40.34,0.9989,36.2,0,
62,50,,,1.32,4.14,2.34,1.7,20.34,70.16,-20.3,2.92,3.99,3.72,1.83,22.68,44.56,0.99825,73.9,0,
63,52,,,3.43,9.87,6.58,4.52,18.49,57.11,-6.1,8.0,10.01,11.01,5.08,21.67,38.13,0.99782,40.5,6,excessive X-ray absorption
64,52,,0,3.78,9.21,5.59,3.96,18.44,59.02,-0.67,9.42,9.98,9.99,4.76,23.08,42.09,0.99846,37.8,0,
65,52,,,2.63,8.68,5.43,3.74,18.38,61.13,-4.99,6.44,9.23,9.53,4.41,22.59,42.8,0.99801,40.8,6,excessive X-ray absorption
66,52,,0,3.19,10.44,6.08,4.36,17.37,58.56,1.07,8.11,11.56,11.11,5.36,22.23,42.69,0.99865,36.9,0,
67,53,,0,3.05,10.0,5.96,4.24,18.08,58.68,-3.29,7.43,10.62,10.43,5.0,22.19,41.03,0.99853,46.8,0,
68,53,,,3.96,6.09,7.64,3.02,14.19,65.09,-22.06,7.85,5.25,10.86,2.89,14.14,36.94,0.99182,75.5,6,excessive X-ray absorption
69,54,,,0.05,0.19,0.1,0.32,33.33,66.01,-4.54,0.13,0.22,0.2,0.41,44.4,50.1,0.99946,38.6,8,too low
70,54,,,0.06,0.51,0.15,0.26,32.0,67.01,-9.82,0.15,0.56,0.28,0.32,40.53,48.35,0.99927,50.3,0,
71,55,,0,3.07,10.53,5.89,4.21,16.47,59.83,-1.3,7.71,11.5,10.6,5.1,20.78,43.01,0.9988,39.5,0,
72,55,,0,3.33,10.43,5.78,4.35,16.55,59.56,-3.67,8.12,11.07,10.11,5.13,20.29,41.61,0.99883,39.4,0,
73,58,,,2.81,9.04,4.81,3.68,15.19,64.47,-9.57,6.67,9.34,8.2,4.23,18.14,43.85,0.99784,62.5,0,
74,59,,0,4.23,8.97,5.72,3.77,16.34,60.95,-2.46,10.39,9.58,10.07,4.48,20.17,42.85,0.99838,48.4,0,
75,59,,,3.24,9.06,6.01,3.83,19.16,58.71,-6.29,7.63,9.28,10.15,4.35,22.69,39.6,0.99787,51.1,0,
76,60,,,2.53,6.86,3.76,3.2,20.96,62.68,-34.91,4.31,5.08,4.59,2.63,17.93,30.54,0.99888,40.3,7,C 8631 counts > 10 % of total counts
77,62,,0,3.19,9.55,5.75,4.07,17.0,60.45,-1.26,8.01,10.45,10.36,4.94,21.48,43.51,0.99891,33.7,0,
78,62,,0,2.34,8.85,5.05,3.59,19.75,60.43,-3.23,5.84,9.6,9.04,4.33,24.77,43.18,0.99909,37.9,0,
79,62,,0,2.45,9.55,5.5,4.04,16.05,62.41,-0.69,6.33,10.73,10.2,5.03,20.84,46.17,0.99903,34.7,0,
80,62,,0,3.28,10.54,5.9,4.37,16.57,59.34,3.63,8.59,12.02,11.09,5.54,21.83,44.55,0.99858,53.8,0,
81,62,,0,3.0,10.32,6.17,4.13,16.48,59.9,-1.1,7.53,11.28,11.13,5.02,20.82,43.12,0.99881,39.4,0,
82,63,,,2.28,8.16,4.21,3.2,15.43,66.72,-0.47,6.09,9.49,8.06,4.13,20.72,51.04,0.99821,73.4,7,C 5272 counts > 10 % of total counts
83,64,,,2.88,8.51,4.88,3.71,18.15,61.86,-32.5,5.02,6.45,6.11,3.13,15.91,30.88,0.99881,54.0,7,C 13638 counts > 10 % of total counts
84,64,,,3.48,9.31,6.04,4.08,15.45,61.64,-16.26,7.43,8.64,9.24,4.2,16.57,37.66,0.99813,59.6,7,C 9449 counts > 10 % of total counts
85,64,,,3.13,9.22,5.38,3.65,15.21,63.41,-34.22,5.34,6.84,6.59,3.01,13.04,30.97,0.99843,82.5,7,C 16138 counts > 10 % of total counts
86,65,,,0.0,0.3,0.09,0.39,31.84,67.37,-4.69,0.0,0.35,0.18,0.5,42.75,51.53,0.99939,48.2,8,too low
87,65,,1,0.36,1.81,0.81,0.86,32.77,63.39,-1.88,0.96,2.1,1.55,1.11,43.96,48.44,0.99969,20.1,0,
88,65,,,0.0,0.11,0.06,0.27,36.93,62.64,-8.97,0.0,0.11,0.11,0.32,46.02,44.47,0.99938,50.6,0,
89,65,,,0.09,0.35,0.21,0.37,30.23,68.75,-0.16,0.26,0.43,0.42,0.5,42.8,55.43,0.99951,34.7,8,too low
90,65,,,0.08,0.44,0.11,0.38,31.45,67.55,-4.55,0.22,0.51,0.2,0.49,42.29,51.74,0.99939,49.3,8,too low
91,71,,0,3.25,9.86,6.09,4.1,16.26,60.45,-2.99,8.0,10.58,10.76,4.88,20.14,42.66,0.99881,40.8,0,
92,71,,0,3.15,10.15,5.97,4.09,15.8,60.84,-2.94,7.79,10.93,10.62,4.89,19.68,43.15,0.99846,53.0,0,
93,71,,,3.24,9.79,5.7,4.25,15.55,61.47,-6.87,7.72,10.15,9.75,4.9,18.64,41.98,0.99871,41.9,0,
94,72,,,2.87,9.17,5.3,3.79,16.55,62.33,-5.23,7.02,9.78,9.32,4.49,20.39,43.77,0.99884,48.2,8,too low
95,72,,0,2.86,10.35,6.17,4.29,16.52,59.8,-4.48,6.95,10.94,10.77,5.04,20.19,41.63,0.99815,49.6,0,
96,73,,0,3.14,9.4,6.08,3.91,17.61,59.85,-4.99,7.56,9.84,10.49,4.55,21.31,41.25,0.99873,32.1,0,
97,73,,0,3.1,10.64,6.02,4.46,17.04,58.73,-4.61,7.46,11.15,10.41,5.19,20.64,40.53,0.99864,51.4,0,
98,73,,0,3.04,9.69,6.18,4.06,17.12,59.91,-4.08,7.39,10.26,10.79,4.77,20.95,41.76,0.99891,37.5,0,
99,73,,,2.95,10.1,5.95,4.14,16.09,60.77,-0.17,7.53,11.22,10.89,5.11,20.66,44.43,0.9991,37.0,8,too low
100,73,,0,3.03,9.4,5.77,3.79,17.58,60.43,-3.5,7.45,10.06,10.18,4.5,21.74,42.57,0.9988,31.4,0,
