Spectrum #,Particle #,Frame ID,Cluster_ID,Mg_at%,Al_at%,O_at%,An er w%,Mg_w%,Al_w%,O_w%,r_squared,redchi_sq,Quant_flag,Comments
0,2,,,0.07,81.12,18.81,-22.75,0.06,67.87,9.33,0.99924,89.2,0,
1,2,,,0.04,86.96,12.99,-21.13,0.03,72.42,6.42,0.99919,96.8,0,
2,4,,,,,,,,,,,,2,Total counts too low
3,5,,,0.0,76.03,23.97,-47.02,0.0,44.63,8.34,0.99887,76.7,7,C 6251 counts > 10 % of total counts
4,8,,,34.04,11.29,54.67,-13.31,35.74,13.16,37.79,0.9993,37.3,0,
5,8,,,39.94,7.36,52.7,-15.38,40.81,8.35,35.45,0.99942,33.9,0,
6,8,,,36.96,9.03,54.01,-15.44,37.86,10.27,36.43,0.99934,39.8,7,C 5865 counts > 10 % of total counts
7,8,,0,28.65,19.09,52.26,3.78,35.29,26.11,42.38,0.9993,36.1,0,
8,8,,,48.24,6.22,45.54,27.04,71.99,10.31,44.73,0.99915,55.8,0,
9,11,,,,,,,,,,,,2,Total counts too low
10,14,,,0.03,85.52,14.45,-25.22,0.02,67.94,6.81,0.99949,62.6,0,
11,14,,,,,,,,,,,,4,poor fit
12,14,,,1.99,62.5,35.51,-27.43,1.53,53.14,17.9,0.99905,74.6,0,
13,14,,,0.17,41.97,57.87,-27.65,0.14,39.73,32.48,0.99914,57.4,0,
14,14,,,,,,,,,,,,4,poor fit
15,16,,,30.02,14.36,55.62,-8.54,33.25,17.66,40.56,0.99936,32.6,0,
16,16,,,,,,,,,,,,2,Total counts too low
17,17,,0,3.28,39.39,57.32,1.2,3.92,52.22,45.06,0.99942,45.3,0,
18,17,,,6.18,37.83,55.99,7.05,7.78,52.87,46.4,0.99935,42.9,0,
19,18,,,,,,,,,,,,2,Total counts too low
20,19,,,,,,,,,,,,2,Total counts too low
21,21,,,42.39,3.78,53.83,-14.47,44.2,4.38,36.95,0.99916,60.7,0,
22,21,,,10.89,30.3,58.81,-8.7,11.95,36.89,42.46,0.99912,39.9,0,
23,21,,,38.37,8.1,53.53,-9.86,41.87,9.82,38.45,0.99882,71.8,0,
24,21,,,40.47,6.16,53.38,-6.57,45.86,7.75,39.82,0.99941,38.5,0,
25,21,,,23.0,19.65,57.35,-6.69,25.99,24.65,42.66,0.99873,54.8,0,
26,23,,0,10.1,32.83,57.07,-3.41,11.6,41.85,43.14,0.99945,37.9,0,
27,23,,,24.5,20.86,54.64,-9.58,26.49,25.04,38.89,0.99943,32.5,0,
28,23,,,15.18,28.31,56.5,-10.61,16.2,33.52,39.67,0.99914,40.7,0,
29,23,,0,16.49,26.91,56.6,-2.83,19.16,34.72,43.29,0.99911,48.1,0,
30,24,,0,2.32,38.54,59.14,1.75,2.81,51.8,47.13,0.99932,50.7,0,
31,24,,,1.54,39.2,59.26,5.56,1.93,54.64,48.98,0.99929,56.9,0,
32,24,,0,2.63,36.01,61.36,2.65,3.25,49.45,49.96,0.9993,52.3,0,
33,24,,0,8.51,32.67,58.82,-1.39,10.06,42.83,45.72,0.99924,57.9,0,
34,24,,,5.0,36.64,58.36,5.85,6.3,51.19,48.36,0.99921,61.1,0,
35,27,,,8.76,35.75,55.49,8.69,11.21,50.76,46.72,0.99901,58.4,0,
36,27,,0,23.12,22.41,54.46,-3.04,26.74,28.77,41.46,0.99935,38.6,0,
37,27,,0,5.74,36.81,57.45,1.55,6.91,49.15,45.49,0.99938,41.8,0,
38,27,,0,1.93,39.24,58.84,4.92,2.4,54.27,48.25,0.99938,51.5,0,
39,27,,0,20.46,23.16,56.39,-3.08,23.81,29.92,43.2,0.99923,38.0,0,
40,28,,,47.43,7.37,45.2,39.92,77.75,13.4,48.77,0.99928,49.4,0,
41,28,,,40.9,7.63,51.47,-9.15,44.64,9.24,36.97,0.99925,55.6,0,
42,28,,0,30.91,14.77,54.32,-4.84,35.41,18.79,40.96,0.99938,32.7,0,
43,28,,,10.79,35.83,53.38,13.4,14.27,52.63,46.5,0.99945,33.0,0,
44,28,,0,10.32,33.08,56.6,2.16,12.51,44.5,45.15,0.99955,27.4,0,
45,30,,,0.17,41.47,58.36,-16.08,0.17,45.66,38.1,0.99932,56.8,0,
46,30,,,0.14,43.08,56.79,-13.95,0.14,48.22,37.69,0.99957,30.6,0,
47,30,,,,41.66,58.34,-21.07,,43.12,35.81,0.99945,39.5,0,
48,31,,0,3.71,35.12,61.16,-3.92,4.3,45.15,46.62,0.99904,66.9,0,
49,31,,,,,,,,,,,,6,excessive X-ray absorption
50,31,,,5.33,35.3,59.37,-5.56,6.02,44.27,44.15,0.99949,31.8,0,
51,31,,,11.18,28.91,59.91,-9.97,12.17,34.94,42.92,0.99909,52.9,0,
52,31,,0,14.88,26.53,58.59,-3.03,17.41,34.45,45.11,0.99953,25.7,0,
53,32,,0,35.46,12.04,52.5,-0.76,42.2,15.91,41.13,0.9993,48.2,0,
54,32,,0,35.91,10.97,53.12,0.39,43.4,14.72,42.26,0.99954,32.4,0,
55,32,,,20.87,24.27,54.86,-7.17,23.08,29.8,39.94,0.99934,40.5,0,
56,32,,,31.54,13.26,55.2,-6.48,35.71,16.67,41.15,0.9995,30.9,0,
57,32,,,,,,,,,,,,2,Total counts too low
58,35,,,6.91,36.16,56.92,14.01,9.32,54.15,50.54,0.99949,33.6,0,
59,35,,0,28.18,16.74,55.07,-1.49,33.44,22.05,43.02,0.99967,22.7,0,
60,35,,,,,,,,,,,,2,Total counts too low
61,36,,,,,,,,,,,,6,excessive X-ray absorption
62,36,,0,39.4,3.94,56.66,-4.76,46.29,5.13,43.82,0.99893,71.8,0,
63,36,,0,40.35,7.16,52.49,-2.8,47.34,9.33,40.54,0.99931,57.1,0,
64,36,,,14.84,22.95,62.21,-20.23,14.57,25.01,40.2,0.99896,40.0,0,
65,36,,,7.38,32.78,59.84,-10.42,7.95,39.2,42.43,0.99928,40.8,0,
66,39,,,,,,,,,,,,6,excessive X-ray absorption
67,39,,,,,,,,,,,,2,Total counts too low
68,41,,,,,,,,,,,,2,Total counts too low
69,42,,,,,,,,,,,,6,excessive X-ray absorption
70,42,,,21.18,21.52,57.3,-8.18,23.49,26.5,41.83,0.99917,34.6,0,
71,42,,0,35.71,9.6,54.69,0.43,43.54,13.0,43.89,0.99938,38.7,0,
72,42,,,37.19,8.91,53.89,5.68,47.6,12.67,45.41,0.99927,49.4,0,
73,42,,,,,,,,,,,,2,Total counts too low
74,43,,0,31.62,14.89,53.48,-4.72,36.14,18.9,40.24,0.99928,45.8,0,
75,43,,,29.1,18.41,52.49,17.06,40.51,28.45,48.1,0.99932,35.4,0,
76,43,,0,4.13,36.53,59.34,1.58,5.01,49.19,47.38,0.9997,22.8,0,
77,43,,0,40.06,8.04,51.9,0.08,48.22,10.74,41.13,0.99947,41.2,0,
78,43,,0,28.18,17.47,54.34,-2.85,32.85,22.61,41.69,0.99962,20.3,0,
79,44,,,33.69,12.99,53.32,-6.75,37.75,16.16,39.34,0.99941,39.3,0,
80,44,,0,12.39,29.88,57.74,-3.27,14.34,38.39,44.0,0.99936,37.4,0,
81,44,,,36.49,10.06,53.45,-6.12,41.35,12.66,39.87,0.99945,35.9,0,
82,44,,,,,,,,,,,,5,excessively high analytical error
83,44,,,35.5,11.81,52.69,-11.14,37.87,13.98,37.0,0.99917,51.3,0,
84,46,,0,1.33,37.06,61.61,-3.35,1.54,47.89,47.21,0.99952,36.8,0,
85,46,,0,17.02,25.65,57.33,-0.21,20.41,34.13,45.25,0.99912,47.6,0,
86,46,,0,21.39,22.92,55.69,-3.44,24.74,29.42,42.4,0.99926,45.6,0,
87,46,,,6.57,34.1,59.33,-7.0,7.32,42.16,43.51,0.99937,41.9,0,
88,46,,,4.92,34.8,60.28,-9.78,5.33,41.88,43.01,0.9995,35.0,0,
89,48,,,7.02,35.94,57.04,7.5,8.93,50.78,47.79,0.99913,57.1,0,
90,48,,0,12.2,29.24,58.55,2.74,15.07,40.08,47.59,0.9994,44.0,0,
91,48,,,34.45,11.55,54.0,-6.15,39.04,14.53,40.28,0.99959,27.9,0,
92,48,,,31.16,14.03,54.81,-7.88,34.66,17.33,40.14,0.99934,43.9,0,
93,48,,0,27.71,17.11,55.18,-1.46,32.89,22.54,43.11,0.99929,47.3,0,
94,49,,,18.72,23.39,57.89,-6.6,21.12,29.29,43.0,0.99912,47.2,0,
95,49,,0,37.47,8.62,53.91,3.09,46.81,11.96,44.33,0.9996,26.9,0,
96,49,,,,,,,,,,,,6,excessive X-ray absorption
97,49,,,9.35,32.2,58.45,-9.47,10.13,38.72,41.68,0.99924,46.0,0,
98,49,,,,,,,,,,,,2,Total counts too low
99,51,,0,39.91,9.16,50.93,2.41,48.89,12.46,41.07,0.99945,40.4,0,
100,51,,,26.46,20.78,52.76,-13.92,27.04,23.57,35.48,0.99887,49.9,0,
101,51,,,,,,,,,,,,6,excessive X-ray absorption
102,54,,,3.36,39.26,57.38,4.05,4.13,53.53,46.39,0.99961,30.0,8,too low
103,54,,,22.64,24.57,52.79,7.71,28.8,34.7,44.21,0.99921,36.5,0,
104,54,,,,,,,,,,,,6,excessive X-ray absorption
105,54,,0,4.28,37.59,58.12,2.71,5.22,50.86,46.63,0.99919,57.0,0,
106,54,,0,9.74,32.72,57.54,-3.25,11.22,41.87,43.66,0.99911,47.5,0,
107,55,,,39.33,7.87,52.8,-7.26,44.04,9.78,38.92,0.99912,56.3,0,
108,55,,0,40.49,7.01,52.5,-3.41,47.22,9.07,40.3,0.99909,65.5,0,
109,55,,0,36.88,9.67,53.45,-4.25,42.65,12.41,40.69,0.99944,33.3,0,
110,55,,0,14.59,29.27,56.14,-0.44,17.29,38.49,43.78,0.9991,49.7,0,
111,55,,,26.78,17.81,55.41,-9.28,29.26,21.6,39.86,0.99936,31.6,0,
112,57,,,12.13,27.85,60.02,-12.57,12.85,32.74,41.84,0.99944,27.8,0,
113,57,,,,,,,,,,,,6,excessive X-ray absorption
114,57,,,42.7,3.92,53.39,-24.04,39.46,4.02,32.48,0.99904,63.2,0,
115,57,,0,21.86,23.37,54.77,2.85,26.81,31.82,44.22,0.99922,41.4,0,
116,57,,,12.15,29.74,58.11,7.58,15.67,42.58,49.34,0.9993,33.6,0,
117,58,,,32.51,13.4,54.1,-7.16,36.36,16.64,39.84,0.99961,24.7,0,
118,58,,0,13.19,29.49,57.32,-2.78,15.33,38.04,43.85,0.99929,42.5,0,
119,58,,0,40.65,7.07,52.29,-3.3,47.41,9.15,40.14,0.99959,33.0,0,
120,58,,,38.45,8.92,52.63,-5.85,43.62,11.23,39.3,0.99953,33.1,0,
121,58,,0,3.38,36.31,60.31,-2.26,3.97,47.24,46.54,0.99941,46.3,0,
122,59,,0,39.61,8.01,52.38,2.34,48.85,10.97,42.53,0.99944,39.1,0,
123,59,,0,39.45,8.34,52.21,-0.87,47.08,11.04,41.01,0.99942,44.9,0,
124,59,,0,13.37,25.62,61.01,-3.35,15.76,33.54,47.35,0.99863,70.0,0,
125,59,,,6.13,39.55,54.33,11.84,7.99,57.24,46.62,0.99959,28.1,0,
126,59,,0,36.57,10.69,52.74,-1.49,43.33,14.05,41.13,0.99942,42.9,0,
127,60,,,2.66,38.84,58.51,5.35,3.32,53.89,48.14,0.99966,28.8,0,
128,60,,0,2.61,39.83,57.56,4.13,3.21,54.35,46.57,0.99958,31.7,0,
129,60,,0,1.93,41.13,56.94,-1.36,2.24,52.94,43.46,0.99953,35.6,0,
130,61,,,,,,,,,,,,2,Total counts too low
131,62,,,0.0,94.87,5.13,-19.14,0.0,78.35,2.51,0.99947,80.8,0,
132,62,,,,,,,,,,,,4,poor fit
133,62,,,,,,,,,,,,4,poor fit
134,62,,,,,,,,,,,,4,poor fit
135,62,,,,,,,,,,,,4,poor fit
136,63,,,,,,,,,,,,4,poor fit
137,63,,,0.0,79.57,20.43,-30.79,0.0,60.07,9.14,0.99906,105.1,0,
138,63,,,0.0,82.78,17.22,-31.76,0.0,60.74,7.5,0.99913,85.2,0,
139,63,,,0.0,94.38,5.62,-31.93,0.0,65.75,2.32,0.99927,92.5,0,
140,63,,,,,,,,,,,,4,poor fit
141,64,,0,1.4,37.66,60.95,1.72,1.71,51.04,48.98,0.99965,30.3,0,
142,64,,0,6.7,34.32,58.97,2.59,8.22,46.74,47.62,0.99934,43.6,0,
143,64,,,,,,,,,,,,6,excessive X-ray absorption
144,64,,,,,,,,,,,,6,excessive X-ray absorption
145,64,,,,,,,,,,,,6,excessive X-ray absorption
146,65,,0,22.6,22.53,54.87,0.55,27.14,30.04,43.37,0.99868,51.3,0,
147,65,,,31.71,14.29,53.99,-9.56,34.51,17.27,38.67,0.99947,31.9,0,
148,65,,,35.06,11.34,53.59,-11.06,37.6,13.51,37.83,0.99938,38.7,0,
149,65,,,,,,,,,,,,2,Total counts too low
150,66,,,,,,,,,,,,2,Total counts too low
151,67,,,,,,,,,,,,2,Total counts too low
152,68,,,,,,,,,,,,2,Total counts too low
153,69,,,,,,,,,,,,2,Total counts too low
154,70,,,,,,,,,,,,2,Total counts too low
155,71,,,,,,,,,,,,2,Total counts too low
156,72,,,,,,,,,,,,2,Total counts too low
157,75,,0,37.5,10.65,51.85,-2.35,43.87,13.84,39.94,0.9992,50.3,0,
158,75,,,19.4,22.15,58.45,-10.84,20.97,26.59,41.6,0.99914,38.1,0,
159,75,,0,41.46,6.43,52.11,-2.71,48.65,8.37,40.26,0.99961,27.3,0,
160,75,,,,,,,,,,,,2,Total counts too low
161,76,,,,,,,,,,,,2,Total counts too low
162,78,,,,,,,,,,,,2,Total counts too low
163,79,,,,,,,,,,,,6,excessive X-ray absorption
164,79,,,,,,,,,,,,2,Total counts too low
165,80,,0,42.14,7.06,50.8,-1.05,49.99,9.29,39.66,0.99968,24.3,0,
166,80,,0,25.73,20.35,53.92,-2.84,29.82,26.19,41.15,0.99929,41.1,0,
167,80,,,40.72,6.42,52.86,-6.2,46.22,8.09,39.5,0.99933,45.2,0,
168,80,,,8.08,36.76,55.15,8.91,10.33,52.17,46.41,0.99942,38.3,0,
169,80,,0,5.82,36.59,57.58,3.62,7.16,49.9,46.56,0.99926,59.3,0,
170,81,,,40.53,7.52,51.95,-6.32,45.71,9.42,38.56,0.99942,42.3,0,
171,81,,,,,,,,,,,,5,excessively high analytical error
172,81,,,8.37,34.82,56.81,-10.52,8.87,40.97,39.64,0.99921,37.6,0,
173,81,,,24.78,20.7,54.52,-20.88,23.44,21.73,33.95,0.99829,89.2,0,
174,81,,0,37.8,9.9,52.3,-4.25,43.49,12.64,39.62,0.9993,47.2,0,
175,82,,0,7.16,35.83,57.01,-0.27,8.46,46.96,44.31,0.99926,52.4,0,
176,82,,0,21.27,24.42,54.31,-3.29,24.45,31.17,41.1,0.99911,46.0,0,
177,82,,0,37.93,9.69,52.37,-4.09,43.74,12.41,39.75,0.99931,45.6,0,
178,82,,,42.7,5.48,51.82,-5.78,48.53,6.91,38.77,0.99939,42.9,0,
179,82,,0,8.65,33.85,57.5,0.97,10.39,45.12,45.46,0.99951,32.1,0,
180,83,,,,,,,,,,,,6,excessive X-ray absorption
181,83,,,19.0,25.27,55.73,-9.78,20.48,30.22,39.53,0.99928,44.5,0,
182,83,,,31.83,14.95,53.22,-8.54,34.88,18.18,38.39,0.99927,44.8,0,
183,83,,0,23.89,23.83,52.28,1.12,28.5,31.56,41.05,0.99908,50.5,0,
184,83,,,40.91,7.11,51.97,-5.57,46.54,8.98,38.91,0.99926,55.7,0,
185,84,,,,,,,,,,,,2,Total counts too low
186,85,,,37.77,4.81,57.41,-18.23,38.18,5.4,38.19,0.99922,43.9,0,
187,85,,0,23.81,20.98,55.21,-0.7,28.33,27.72,43.25,0.9993,35.4,0,
188,85,,,43.01,4.23,52.76,-16.57,43.53,4.75,35.15,0.99954,26.9,7,C 5830 counts > 10 % of total counts
189,85,,,14.95,24.39,60.67,-4.06,17.5,31.69,46.75,0.99834,53.0,7,C 5561 counts > 10 % of total counts
190,85,,,40.07,4.59,55.34,-13.03,42.71,5.44,38.82,0.99938,37.9,0,
191,86,,,,,,,,,,,,2,Total counts too low
192,87,,,,,,,,,,,,4,poor fit
193,87,,0,5.07,35.46,59.46,2.49,6.22,48.27,48.0,0.99901,65.3,0,
194,87,,,,,,,,,,,,4,poor fit
195,87,,,,,,,,,,,,4,poor fit
196,88,,,,,,,,,,,,2,Total counts too low
197,89,,,47.26,7.48,45.26,34.87,74.67,13.12,47.08,0.999,78.9,0,
198,89,,,22.39,22.71,54.9,-5.45,25.28,28.46,40.81,0.99896,58.5,0,
199,89,,,11.32,37.4,51.28,21.47,15.88,58.25,47.35,0.9992,45.7,0,
200,89,,,34.27,12.97,52.76,-6.82,38.29,16.09,38.8,0.99907,54.8,0,
201,89,,,31.49,15.08,53.43,-8.84,34.41,18.3,38.44,0.99926,43.2,0,
